"last_name, first_name","player_id","year","on_base_plus_slg","woba","xwoba","xiso","avg_swing_speed","avg_swing_length","exit_velocity_avg","sweet_spot_percent","barrel_batted_rate","hard_hit_percent","avg_best_speed","avg_hyper_speed"
"Peralta, David","444482","2024","0.750",".329",".314",".121",71.5,"7.2","88.1",36.8,5.5,42.3,"99.478011319","93.91992022"
"Blackmon, Charlie","453568","2024","0.741",".323",".307",".121",67.4,"7.1","84.8",34.1,5.2,27.2,"96.083583591","92.106050111"
"Solano, Donovan","456781","2024","0.760",".333",".310",".129",67.1,"7","87.3",37,3.7,37.4,"98.057695046","93.167454908"
"McCutchen, Andrew","457705","2024","0.739",".325",".333",".202",72.7,"7.6","88.5",31.9,12,36.9,"99.424962893","93.831123091"
"Turner, Justin","457759","2024","0.737",".327",".330",".135",65.1,"6.3","87.1",40.1,4.6,32.5,"96.702342312","92.434680753"
"Santana, Carlos","467793","2024","0.748",".326",".330",".175",71.8,"7.6","89.2",30.9,7.3,39.9,"99.506124387","94.004167778"
"Rojas, Miguel","500743","2024","0.747",".327",".314",".084",67.8,"7","85",33.2,2.5,27.8,"96.317826471","92.174445609"
"Pham, Tommy","502054","2024","0.673",".297",".323",".151",72.7,"6.9","90.4",32.2,7.2,42.7,"101.105935449","94.883209671"
"Martinez, J.D.","502110","2024","0.726",".318",".356",".224",73,"8.4","91",39.3,14.9,46.1,"101.443240544","95.173257041"
"Goldschmidt, Paul","502671","2024","0.716",".310",".333",".206",72.5,"7.8","91.2",34.3,10.7,49.6,"101.892583709","95.666428146"
"Altuve, Jose","514888","2024","0.789",".344",".318",".142",69.4,"7.8","86.5",35.4,6.5,31.2,"97.323672581","92.693762581"
"Marte, Starling","516782","2024","0.715",".313",".338",".142",72.4,"7.3","89.8",37.1,6.9,42.9,"101.20205624","94.944189"
"d'Arnaud, Travis","518595","2024","0.738",".319",".323",".203",71.4,"7.8","89.9",32.9,10.4,41,"100.537202273","94.672343091"
"Freeman, Freddie","518692","2024","0.854",".365",".370",".196",69.8,"6.8","89.4",43.1,9.1,41.8,"100.349133067","94.527301044"
"Grandal, Yasmani","518735","2024","0.704",".308",".327",".182",70.3,"7.4","91.1",31.8,9.8,42.8,"100.246108353","94.442007765"
"Heyward, Jason","518792","2024","0.700",".300",".290",".119",73.3,"8.2","88",29.8,5.6,41.6,"99.992543146","94.178780339"
"LeMahieu, DJ","518934","2024","0.528",".239",".302",".123",67.3,"7.1","88.5",31.8,5.8,37.6,"98.271498488","93.240584302"
"Rizzo, Anthony","519203","2024","0.636",".285",".296",".106",68.5,"6.8","86.7",31,4,33.2,"97.798203577","92.909990255"
"Stanton, Giancarlo","519317","2024","0.773",".330",".355",".271",81.3,"8.6","94.6",34.8,20.7,55.3,"108.185328759","99.180033333"
"Perez, Salvador","521692","2024","0.786",".335",".362",".255",73.2,"7.9","91.1",39.4,12.2,44.8,"101.856275647","95.341857371"
"Flores, Wilmer","527038","2024","0.595",".262",".286",".124",66,"6.9","83.5",36.6,5.9,27.6,"95.484386989","91.787573297"
"Ozuna, Marcell","542303","2024","0.924",".395",".405",".294",74,"7.4","92.2",40.2,15.5,53.5,"103.370699452","96.509068973"
"Grossman, Robbie","543257","2024","0.615",".283",".290",".084",67.5,"6.5","86.3",30.3,3.3,27.6,"96.108367632","92.054845855"
"Higashioka, Kyle","543309","2024","0.739",".314",".301",".218",71.8,"7.3","88.4",40.2,10.9,37.4,"99.356005116","93.902030409"
"McCann, James","543510","2024","0.667",".288",".315",".180",70.7,"6.9","87.4",38.9,8.6,37.7,"99.207987625","93.644913774"
"Rendon, Anthony","543685","2024","0.574",".264",".289",".096",68.3,"6.7","87.9",31.4,2.3,37.1,"97.612997471","92.991806897"
"Semien, Marcus","543760","2024","0.699",".306",".319",".147",68.3,"7.7","87.4",33,6.6,35.2,"97.806210919","93.005121934"
"Springer III, George","543807","2024","0.674",".298",".324",".165",71.9,"7.4","87.5",29.2,9.3,37.4,"99.896868","94.046929394"
"Vázquez, Christian","543877","2024","0.575",".250",".269",".121",68.3,"7","88.5",36.1,3.8,36.6,"98.036944138","93.213200991"
"Vargas, Ildemaro","545121","2024","0.611",".271",".278",".070",69.6,"7.2","87",29.5,1.2,31.9,"97.073438667","92.579283167"
"Grichuk, Randal","545341","2024","0.876",".373",".368",".221",73.7,"7.7","90.6",34.3,11,47.6,"102.436633714","95.601048095"
"Harper, Bryce","547180","2024","0.898",".380",".361",".216",74.1,"7.3","91.1",36.1,10.6,48.2,"102.531835097","95.63882949"
"Díaz, Elias","553869","2024","0.695",".303",".280",".102",73.9,"7","87.1",31,4.7,34.5,"99.032119063","93.543152344"
"Suárez, Eugenio","553993","2024","0.788",".337",".332",".207",72.2,"7.8","89.1",40.4,11.3,42.4,"100.570552315","94.463438988"
"Urshela, Gio","570482","2024","0.647",".281",".302",".131",68.2,"7.1","86.4",38.6,4.9,28.4,"96.696776409","92.394270526"
"Arenado, Nolan","571448","2024","0.719",".314",".297",".105",70.7,"8.2","86.3",35.9,3.2,31.6,"96.924147927","92.483246402"
"Farmer, Kyle","571657","2024","0.646",".285",".295",".141",66.7,"6.8","87.7",36.3,5.4,29.8,"97.025598571","92.547452202"
"Haniger, Mitch","571745","2024","0.620",".277",".294",".154",72.9,"7.1","90.6",31,9,45.9,"101.021551732","95.105264331"
"Hernández, Enrique","571771","2024","0.654",".285",".285",".131",71.6,"7.4","89.6",36,4.8,41.5,"99.326670699","93.89398972"
"Maile, Luke","571912","2024","0.520",".241",".240",".077",67.7,"6.7","84.7",37.6,3.5,24.7,"95.22202881","91.660711687"
"Muncy, Max","571970","2024","0.852",".362",".353",".228",71.3,"7.2","90.2",32.5,10.8,43.4,"100.775015181","94.752278735"
"Singleton, Jon","572138","2024","0.707",".312",".310",".158",72.1,"7.1","88.7",34.8,8.9,37.2,"99.784248293","93.99841"
"Taylor, Michael A.","572191","2024","0.543",".242",".272",".131",74,"7.2","89.3",31.4,11.6,40.1,"100.583164074","94.548357778"
"Walker, Christian","572233","2024","0.803",".343",".354",".216",75,"7.5","91.2",35,13.3,48,"103.127969548","96.011102521"
"Carpenter, Matt","572761","2024","0.686",".303",".292",".147",69.3,"8.1","85.8",46.6,6.8,28.7,"96.566800238","92.292438452"
"Yastrzemski, Mike","573262","2024","0.739",".319",".304",".184",70.9,"7.6","90.4",33,10.5,41,"99.549726267","94.1835"
"Contreras, Willson","575929","2024","0.848",".370",".366",".200",75.9,"7.9","91.6",32.7,11.2,46.8,"103.712134757","96.17214078"
"Iglesias, Jose","578428","2024","0.829",".362",".312",".082",69.7,"6.8","85.8",36.2,2.2,30.6,"96.964592759","92.513387672"
"Bryant, Kris","592178","2024","0.624",".287",".293",".110",69.5,"7.9","85.1",39.5,4.7,30.2,"96.785346744","92.39417314"
"Canha, Mark","592192","2024","0.690",".310",".290",".097",68.4,"7.2","88.4",31.5,3.3,37.4,"98.159166424","93.219326921"
"Castellanos, Nick","592206","2024","0.742",".321",".335",".178",71.9,"7.6","88.4",39,8.1,38.2,"99.266703034","93.738511581"
"Drury, Brandon","592273","2024","0.470",".217",".261",".092",72.6,"7.4","87.6",25.9,3.6,35.6,"99.062132195","93.550623821"
"Judge, Aaron","592450","2024","1.159",".476",".484",".427",77.2,"8.2","96.2",40.8,26.9,61,"107.20043567","99.103701521"
"Machado, Manny","592518","2024","0.797",".340",".338",".193",75.3,"7.8","92.5",33.8,11,48.8,"103.370494128","96.17209183"
"Pederson, Joc","592626","2024","0.908",".391",".381",".224",73.4,"7.7","92.3",34.2,12.8,46.2,"102.648599462","95.864061892"
"Realmuto, J.T.","592663","2024","0.751",".326",".344",".200",73.2,"7.6","89.2",36.9,10.4,46.6,"101.248653813","94.909982842"
"Renfroe, Hunter","592669","2024","0.689",".302",".292",".144",75.2,"7.6","88.5",27.8,6.6,39.4,"100.265103311","94.256549636"
"Rosario, Eddie","592696","2024","0.531",".230",".259",".133",70.3,"7.2","91",27.9,5.3,42.5,"99.203116161","94.098201031"
"Yelich, Christian","592885","2024","0.910",".391",".376",".183",73.2,"7.5","91.1",32.2,7.9,46.7,"103.017733429","96.008981238"
"Merrifield, Whit","593160","2024","0.625",".283",".297",".077",63.4,"6.9","84.1",34.3,2.4,21.6,"94.385287083","91.220749372"
"Bogaerts, Xander","593428","2024","0.688",".300",".306",".122",70.7,"7.2","88.1",32.1,5.1,33.2,"98.125304802","93.133969802"
"Polanco, Jorge","593871","2024","0.653",".288",".311",".178",69.7,"7.2","88.3",35.9,8.9,37.4,"99.204331655","93.755834657"
"Duvall, Adam","594807","2024","0.568",".252",".289",".198",72.4,"7.6","86.9",27.8,10.7,36.6,"99.791319515","93.950920683"
"Kiermaier, Kevin","595281","2024","0.550",".241",".233",".088",70.4,"7.1","86.4",27.6,3.9,30,"97.683193765","92.874723706"
"Profar, Jurickson","595777","2024","0.839",".365",".364",".165",71.7,"7.3","91.1",31.3,7.2,44.4,"100.952441293","94.862553707"
"Báez, Javier","595879","2024","0.515",".224",".268",".127",74.8,"8.6","88.3",27.7,7.8,40,"100.532651165","94.368542976"
"Cave, Jake","595909","2024","0.686",".295",".277",".128",69.5,"7","87.5",35.8,5.2,37.1,"98.314485398","93.366757022"
"Lindor, Francisco","596019","2024","0.844",".363",".382",".252",72.3,"7.6","90.9",35.4,13.6,47.4,"101.098117236","95.07615815"
"Slater, Austin","596103","2024","0.587",".273",".302",".091",71.9,"6.8","88.2",37.2,3.3,37.2,"98.373260169","93.491320256"
"Stubbs, Garrett","596117","2024","0.558",".258",".249",".048",66.6,"7.1","79.7",40.9,0,9.6,"90.095995","89.651776916"
"Sánchez, Gary","596142","2024","0.699",".307",".315",".191",73.1,"7.4","90",31.4,10.5,44.2,"101.892350698","95.129594012"
"Kepler, Max","596146","2024","0.682",".298",".302",".139",71.4,"7.4","88.9",35.4,6.2,36.8,"99.569991319","93.867541875"
"Candelario, Jeimer","600869","2024","0.708",".304",".284",".151",68.4,"7.8","86.9",33.9,8.2,34.5,"97.855535823","92.968221397"
"Urías, Ramón","602104","2024","0.745",".325",".331",".190",70.5,"7.5","88.3",32.6,8.7,38.5,"98.830197431","93.627220321"
"Ahmed, Nick","605113","2024","0.562",".248",".261",".098",67.9,"7.3","84.9",29.7,3,23,"95.399118608","91.729839045"
"Barnes, Austin","605131","2024","0.638",".289",".269",".067",68.2,"6.4","86.3",30.2,1.9,31.1,"96.963688654","92.484081538"
"Bell, Josh","605137","2024","0.724",".317",".315",".166",70.4,"7.9","88.9",31.4,7.6,40.1,"100.078711292","94.16958744"
"Betts, Mookie","605141","2024","0.863",".371",".363",".174",69.1,"6.9","89.9",39.3,6,39.5,"98.50877402","93.575257103"
"Caratini, Victor","605170","2024","0.744",".324",".326",".143",71.9,"7","91.2",35.9,5.6,43.1,"100.532909694","94.888518923"
"Davis, J.D.","605204","2024","0.631",".282",".284",".139",72.5,"7.3","89.1",24.3,8.7,43.7,"101.438864902","94.978441569"
"Martini, Nick","605361","2024","0.642",".279",".278",".131",69.8,"6.9","87.4",32.4,7.2,34.2,"98.233857857","93.416418378"
"Arcia, Orlando","606115","2024","0.625",".273",".263",".123",70.9,"7.9","88.2",29.9,5.3,37.8,"98.41985743","93.283896472"
"Hernández, Teoscar","606192","2024","0.840",".360",".348",".243",73.3,"7.8","90.6",33.8,14.9,46.8,"102.727395423","95.689116559"
"Marte, Ketel","606466","2024","0.932",".391",".395",".252",73.7,"7.6","94",33.7,12.3,53.8,"103.991137178","96.920444406"
"Nimmo, Brandon","607043","2024","0.726",".321",".337",".173",73.3,"7.3","91.9",33.7,9.1,47.4,"101.264982933","95.221659687"
"Turner, Trea","607208","2024","0.807",".349",".322",".161",71.7,"7.6","89.1",30.9,6.9,40.7,"99.706063382","94.073107543"
"Pillar, Kevin","607680","2024","0.668",".293",".277",".113",69.4,"7.6","84.6",36.5,3.7,29.7,"96.438782936","92.245806101"
"Stallings, Jacob","607732","2024","0.810",".353",".318",".149",67.6,"7.2","86.6",38.9,7.2,34.4,"97.816675843","92.986677006"
"Ramírez, José","608070","2024","0.872",".364",".332",".198",71.6,"7.3","89.2",34,8.6,39.7,"99.642954081","93.982319614"
"Bregman, Alex","608324","2024","0.768",".331",".323",".167",71.4,"7","89.1",34.9,6.4,40.5,"98.986527952","93.684160984"
"Gallo, Joey","608336","2024","0.613",".276",".288",".182",72.4,"7.3","90.5",32.8,13.1,43.4,"100.325545574","94.605556281"
"Kelly, Carson","608348","2024","0.687",".304",".317",".175",69.5,"6.9","87.6",27.3,6.6,39.4,"98.979228142","93.591084867"
"Seager, Corey","608369","2024","0.865",".365",".394",".281",72.3,"6.6","92.1",38.6,15.2,50.7,"103.274395474","96.157523456"
"Winker, Jesse","608385","2024","0.765",".338",".329",".142",69.6,"7.3","88.6",30.1,7.6,37.4,"98.91091179","93.570274815"
"Jankowski, Travis","608671","2024","0.508",".234",".242",".050",67,"6.5","85.4",25.3,0.7,24.7,"95.346098056","91.700885874"
"Refsnyder, Rob","608701","2024","0.830",".358",".328",".166",72.8,"7.6","89.6",32.8,9.7,43.1,"101.623071856","95.034267165"
"Meneses, Joey","608841","2024","0.593",".264",".276",".108",70.4,"7","88.9",30.8,4.5,39.3,"99.265454911","93.867431839"
"Andujar, Miguel","609280","2024","0.697",".306",".287",".082",71.6,"7.6","86.1",26.1,2.7,33.7,"97.864980763","92.955361494"
"Swanson, Dansby","621020","2024","0.702",".307",".324",".177",71.7,"7.4","89.4",32.6,9.2,42.7,"100.210263655","94.404024529"
"Newman, Kevin","621028","2024","0.686",".298",".272",".069",67.6,"6.7","85.6",25,1.6,23.4,"95.24854438","91.64158444"
"Taylor, Chris","621035","2024","0.598",".272",".298",".127",70.1,"7.2","85.9",42.9,7.1,28.6,"97.10671942","92.58514587"
"Correa, Carlos","621043","2024","0.905",".385",".359",".182",74.5,"7.3","90.3",34.4,9.2,44.7,"102.536128244","95.462669198"
"Taylor, Tyrone","621438","2024","0.700",".304",".304",".142",70.5,"7.6","87.3",34.9,7.1,35.3,"99.355167983","93.783487975"
"Buxton, Byron","621439","2024","0.859",".366",".358",".247",74.3,"8.1","91.7",39.5,13.2,48.1,"102.451274806","95.815194845"
"Stewart, DJ","621466","2024","0.622",".290",".328",".138",71.5,"7.1","89.7",34.2,8.1,39.6,"100.346718909","94.280565091"
"Ward, Taylor","621493","2024","0.749",".325",".351",".216",69.8,"7.1","90.9",41.9,13,42.4,"100.017751581","94.464585641"
"Wisdom, Patrick","621550","2024","0.629",".271",".288",".240",75.4,"7.9","90.9",23.8,15.8,48.5,"102.1496362","95.721041717"
"Olson, Matt","621566","2024","0.790",".339",".342",".206",73.8,"7.3","91.5",35.4,12.4,47.4,"102.726279537","95.899543218"
"Margot, Manuel","622534","2024","0.626",".276",".310",".119",72,"7.3","88.2",30.9,4.9,33.6,"98.859258923","93.482249961"
"Mateo, Jorge","622761","2024","0.668",".286",".270",".113",72.5,"7.8","88.1",30.2,4,34.9,"99.943727778","94.060455208"
"Ramírez, Harold","623912","2024","0.604",".265",".257",".083",71.7,"7.3","87",27.5,3.2,33.9,"98.279194301","93.19999086"
"Santander, Anthony","623993","2024","0.814",".345",".328",".224",73.1,"7.2","89.8",35,11.7,41.6,"100.325476894","94.357156511"
"Alonso, Pete","624413","2024","0.788",".340",".345",".224",75.3,"7.3","89.8",30.5,13.2,46.4,"102.785114727","95.699086105"
"Biggio, Cavan","624415","2024","0.617",".285",".259",".062",66.8,"6.9","82",37.3,2.5,16.9,"92.815215439","90.564125877"
"Conforto, Michael","624424","2024","0.759",".327",".352",".230",74.1,"7.4","90.2",33.7,11.8,46,"101.95530559","95.249550592"
"Frazier, Adam","624428","2024","0.576",".261",".289",".084",66.5,"6.9","84.5",37.9,2.9,22.8,"95.005808416","91.560763134"
"Trevino, Jose","624431","2024","0.642",".284",".269",".114",68.9,"7","88.1",26.9,5.3,35.1,"97.968179176","93.099578353"
"Gordon, Nick","624503","2024","0.627",".271",".267",".138",68.2,"7.3","86.1",34.7,6.1,29.6,"96.567867732","92.321775928"
"McGuire, Reese","624512","2024","0.575",".259",".285",".124",68.8,"8.1","84",29.8,6.7,26.9,"95.6847612","91.98821798"
"Soler, Jorge","624585","2024","0.780",".340",".349",".207",75.4,"7.9","90.5",33.4,12.6,44.1,"101.898357865","95.262490702"
"Sosa, Edmundo","624641","2024","0.735",".318",".309",".151",73,"8.3","89.2",28.5,8.6,41.4,"100.484249348","94.380628306"
"Ibáñez, Andy","628451","2024","0.652",".287",".269",".113",70.1,"7.3","88.1",33.7,4.9,33.1,"97.908149512","93.096095644"
"Cronenworth, Jake","630105","2024","0.714",".315",".338",".166",69.4,"7.1","88.6",35.4,7.8,36.7,"99.527561266","93.904133654"
"Anderson, Tim","641313","2024","0.463",".208",".230",".071",69.7,"7.2","86.1",29.5,1.8,30.1,"96.982041205","92.531306303"
"Bauers, Jake","641343","2024","0.662",".294",".305",".186",73.8,"7.5","89.4",38.6,10.3,42.9,"99.96682033","94.377085138"
"Bellinger, Cody","641355","2024","0.751",".322",".305",".154",69,"7.6","87.8",32.9,6.3,32.9,"97.314029213","92.768351065"
"Calhoun, Willie","641432","2024","0.695",".305",".306",".100",69.9,"6.7","89",30.2,3,37.7,"98.9731294","93.584500603"
"Crawford, J.P.","641487","2024","0.625",".283",".312",".140",71.9,"7.3","87.5",30.2,6.5,37.8,"98.950282708","93.58355108"
"Fraley, Jake","641584","2024","0.716",".314",".284",".082",71.8,"7.1","84.3",34.6,3.2,24.7,"95.677326241","91.891008399"
"Garver, Mitch","641598","2024","0.627",".281",".287",".161",71.2,"7.3","89.9",32.5,8.4,39.7,"99.983276271","94.254381059"
"Guillorme, Luis","641645","2024","0.574",".263",".280",".072",64.9,"7.5","85.5",32.8,2.3,21.1,"94.424899375","91.273931654"
"Hampson, Garrett","641658","2024","0.575",".255",".251",".085",69.1,"7","86",31.6,4.4,30.4,"96.882247895","92.472205166"
"Heim, Jonah","641680","2024","0.603",".265",".277",".130",70.2,"7.4","88.5",29.9,5.9,36.4,"98.507122973","93.44020477"
"McMahon, Ryan","641857","2024","0.722",".315",".325",".175",72.5,"7.2","92.1",36.5,10.9,49.7,"102.62988712","96.057260524"
"O'Neill, Tyler","641933","2024","0.847",".360",".342",".274",75.2,"7.6","90.9",34.6,17.3,48.8,"102.819767874","95.797605236"
"Smith, Dominic","642086","2024","0.691",".306",".299",".160",68.9,"7","89.3",37.7,10.6,38.7,"98.769074141","93.729740505"
"Tellez, Rowdy","642133","2024","0.691",".301",".302",".162",74.4,"8","89.4",32.4,8,36.5,"100.611958926","94.350585034"
"Thaiss, Matt","642136","2024","0.622",".286",".292",".138",72.4,"7.8","86.6",33,8,40,"99.8347254","94.000036869"
"Wade, Tyler","642180","2024","0.524",".242",".283",".067",66.1,"6.7","83.7",38.1,1.8,17.7,"93.385363922","90.890811782"
"Siri, Jose","642350","2024","0.621",".271",".300",".215",72.5,"7.8","87.5",35.7,14.7,41.6,"100.732893305","94.47103983"
"Rosario, Amed","642708","2024","0.686",".299",".281",".112",71.2,"7.3","86.9",33.5,4.6,36.2,"98.559932462","93.290414231"
"Adames, Willy","642715","2024","0.793",".342",".344",".227",73.6,"8.1","88.6",38.2,12,40.7,"99.769639045","94.108759136"
"Estrada, Thairo","642731","2024","0.590",".256",".264",".116",71,"7.2","86.2",30.3,4.8,31.7,"97.31710125","92.678487456"
"Benintendi, Andrew","643217","2024","0.685",".298",".308",".153",68,"6.7","88",36.5,6.3,34.4,"97.17823","92.764984068"
"Dubón, Mauricio","643289","2024","0.657",".286",".272",".083",69.4,"7.6","86.1",30.4,2.8,26.5,"95.977741503","92.011502977"
"Jansen, Danny","643376","2024","0.658",".294",".292",".137",69,"6.9","86.6",34.1,6.4,29.7,"97.185697545","92.627349132"
"Kiner-Falefa, Isiah","643396","2024","0.682",".299",".285",".098",67,"6.8","86.1",31.6,2.3,29.7,"96.695719581","92.34866123"
"McNeil, Jeff","643446","2024","0.692",".304",".289",".103",68.8,"7.2","87",32.2,3.1,31.1,"96.866365393","92.484410197"
"Tauchman, Mike","643565","2024","0.723",".325",".333",".146",69.3,"7","89",34.9,7.4,41,"99.141927105","93.788317412"
"Albies, Ozzie","645277","2024","0.707",".307",".306",".145",69.1,"7.2","88.4",33.4,6.2,32,"97.095539467","92.617553798"
"Robles, Victor","645302","2024","0.814",".357",".328",".139",68.3,"6.9","86.7",34.8,6.2,28.6,"97.345786105","92.756314603"
"Devers, Rafael","646240","2024","0.870",".364",".366",".247",72.5,"7.4","93.2",35.2,13,52.6,"104.594814974","97.088982016"
"Naylor, Josh","647304","2024","0.776",".332",".334",".190",72.8,"7.6","89.9",30.1,8.4,40.9,"100.815360087","94.680816725"
"Toro, Abraham","647351","2024","0.643",".283",".293",".122",69.6,"7.6","87.2",33.2,4.3,29.6,"97.476845145","92.798620509"
"Arraez, Luis","650333","2024","0.738",".323",".326",".093",63.2,"6","86.3",40.9,1.6,23.7,"94.838000362","91.449624457"
"Jiménez, Eloy","650391","2024","0.625",".276",".300",".139",73.9,"7.2","92",25.1,7.8,49,"103.179997795","96.165143031"
"Torres, Gleyber","650402","2024","0.708",".313",".310",".137",70.2,"7.2","88.6",38.2,6.3,35.4,"98.295655921","93.36890443"
"Castro, Willi","650489","2024","0.716",".317",".323",".142",70.7,"7.1","87.4",39,7,36.8,"98.851706502","93.501303852"
"Díaz, Yandy","650490","2024","0.755",".331",".337",".149",73.3,"7.5","92.2",28.4,7.6,48.7,"103.441830979","96.263007825"
"De La Cruz, Bryan","650559","2024","0.655",".283",".307",".187",71.8,"7.7","89.6",35.6,9.3,41.3,"99.848652919","94.22196445"
"Rengifo, Luis","650859","2024","0.764",".335",".293",".092",69.7,"7.2","87",30.4,2.5,32.5,"96.9891535","92.548929456"
"Chapman, Matt","656305","2024","0.791",".340",".344",".208",76.6,"7.5","93.2",31.3,12.6,48.3,"104.356012981","96.727633301"
"Fairchild, Stuart","656413","2024","0.654",".288",".300",".170",70.3,"7.4","85.5",27.6,7.9,36.8,"98.640738472","93.363702378"
"Hill, Derek","656537","2024","0.691",".296",".296",".162",70.4,"7.3","88.3",37.6,11,36.7,"99.292666346","93.800468365"
"Hilliard, Sam","656541","2024","0.812",".342",".300",".194",75.3,"7.3","94.6",30.7,14.8,52.3,"103.815353902","97.006523171"
"Hoskins, Rhys","656555","2024","0.722",".313",".305",".192",71.2,"8.1","88.7",29.7,12.7,42.2,"99.737434248","94.057895065"
"Jackson, Alex","656577","2024","0.438",".200",".224",".129",74.4,"7.5","86.7",21.6,9.1,31.8,"97.524225","92.833252184"
"Joe, Connor","656582","2024","0.688",".305",".279",".108",72.1,"7.4","85.3",30.9,4.7,32.7,"97.939201314","92.982890511"
"McKinstry, Zach","656716","2024","0.614",".270",".295",".130",67.2,"6.7","88",37.8,4.3,32.6,"97.327044","92.860583362"
"Mullins II, Cedric","656775","2024","0.710",".310",".293",".133",70.9,"7.5","87.1",31.7,4.9,33.4,"97.759606105","92.89369311"
"O'Hearn, Ryan","656811","2024","0.761",".330",".352",".187",72.4,"7.1","89.6",35,6.9,40.1,"99.733150957","94.095787394"
"Rivera, Emmanuel","656896","2024","0.655",".291",".319",".137",69.6,"6.9","89.7",33.7,7.9,44.1,"99.97328099","94.404966716"
"Schwarber, Kyle","656941","2024","0.851",".366",".380",".262",77.5,"7.7","93.6",31.8,15.6,55.5,"105.154527813","97.529843438"
"Smith, Pavin","656976","2024","0.895",".377",".395",".243",73,"7.4","90.2",34.9,14.7,44,"101.669639091","95.421898349"
"Thomas, Lane","657041","2024","0.709",".309",".310",".138",71.7,"6.8","88.8",31.5,7.4,40.6,"100.376555353","94.3557595"
"Verdugo, Alex","657077","2024","0.647",".283",".304",".129",68.4,"6.3","88.3",31.6,5.6,34.9,"98.009613263","93.0881338"
"Wong, Connor","657136","2024","0.758",".330",".289",".130",72,"7.3","86.5",30.7,6.3,34.5,"98.745018171","93.452738532"
"DeJong, Paul","657557","2024","0.703",".302",".293",".183",72,"6.9","87.8",36.4,10.2,41.5,"99.999893878","94.174456531"
"Laureano, Ramón","657656","2024","0.748",".324",".317",".201",72.7,"7.2","89.2",38.7,12.6,40.8,"100.254641146","94.492561099"
"Sheets, Gavin","657757","2024","0.660",".291",".312",".136",72.7,"7.6","87.8",41.1,5.7,35.3,"98.863415862","93.510571585"
"Olivares, Edward","658668","2024","0.624",".276",".331",".118",71.8,"7.3","86.8",35.5,6.4,35.5,"98.508436056","93.311684681"
"Ohtani, Shohei","660271","2024","1.036",".431",".448",".358",76.3,"7.8","95.8",37.8,21.5,60.1,"106.727792385","98.772122364"
"Bruján, Vidal","660644","2024","0.622",".276",".262",".067",66.9,"7","85.1",29.7,1.5,22.6,"95.193229158","91.616436508"
"Acuña Jr., Ronald","660670","2024","0.716",".322",".348",".168",76.8,"7.6","92.2",31.7,9.4,48.2,"103.064738696","96.113602174"
"Ruiz, Keibert","660688","2024","0.619",".268",".280",".105",66.4,"7.1","85.4",32.2,3.2,25.6,"95.477673333","91.740685858"
"Montero, Elehuris","660707","2024","0.571",".254",".274",".127",75.1,"7.6","89.5",27.5,7.6,41.5,"100.877618721","94.67846193"
"Yepez, Juan","660766","2024","0.764",".331",".300",".107",70.5,"7.3","86.6",30.3,5.9,35.6,"98.208738602","93.111621613"
"Sánchez, Jesús","660821","2024","0.730",".317",".345",".211",75.2,"7.1","92.5",31.8,12.2,51.3,"104.556000571","96.923820315"
"Contreras, William","661388","2024","0.831",".359",".360",".211",74.7,"7.3","92.8",29,10,49.5,"103.875480043","96.642602527"
"Varsho, Daulton","662139","2024","0.700",".304",".265",".135",73.7,"7.6","86.1",30.2,6.2,34,"98.537583503","93.276618121"
"Perkins, Blake","663368","2024","0.648",".288",".282",".099",69.4,"7.3","88.8",32,3.9,37.7,"97.789208222","93.114376074"
"Nootbaar, Lars","663457","2024","0.759",".331",".358",".200",72.6,"6.8","91.8",32.2,9.9,49.5,"102.282162353","95.717855683"
"Nevin, Tyler","663527","2024","0.619",".276",".297",".155",68.4,"7","89.8",37,8.7,40.8,"99.059252088","93.891727514"
"Hoerner, Nico","663538","2024","0.708",".313",".314",".075",68.2,"7.1","85.7",36,1.2,27.6,"95.980926525","91.993965849"
"Riley, Austin","663586","2024","0.783",".338",".366",".245",75.2,"7.5","93.3",37.2,14.9,53.4,"103.77151961","96.882758664"
"Larnach, Trevor","663616","2024","0.772",".336",".352",".210",72.8,"7.4","92",36.2,10.1,45.1,"102.375195821","95.54188573"
"Mountcastle, Ryan","663624","2024","0.733",".316",".335",".180",75.1,"7.5","90.8",36.2,8.8,45.2,"102.105716923","95.370233104"
"Hayes, Ke'Bryan","663647","2024","0.573",".256",".278",".085",72.1,"6.9","88.9",29.9,2.4,42.9,"99.837230137","94.135653938"
"Tucker, Kyle","663656","2024","0.993",".419",".407",".270",72.1,"7.5","91.1",40,12.9,44.9,"100.157901947","94.740150044"
"Cameron, Daz","663662","2024","0.587",".258",".287",".134",72.9,"6.8","91.6",36.4,8.3,48.8,"101.2654245","95.191277667"
"India, Jonathan","663697","2024","0.749",".333",".354",".150",71.7,"7.2","87.2",39.3,7.7,36.5,"98.90319256","93.547150797"
"Bart, Joey","663698","2024","0.799",".347",".333",".195",74.8,"7.5","88.1",32.6,9.4,38.7,"100.959040333","94.605861732"
"Raleigh, Cal","663728","2024","0.748",".323",".347",".251",74.5,"7.8","91",35.6,15.4,48.1,"102.032071755","95.508789467"
"Fortes, Nick","663743","2024","0.577",".252",".245",".066",71.3,"7.1","84.3",29,1.4,22.6,"95.578582782","91.819744812"
"Grisham, Trent","663757","2024","0.675",".295",".312",".198",70.4,"7.7","90.6",25.6,12,46.4,"100.360050339","94.648811864"
"Vierling, Matt","663837","2024","0.735",".317",".313",".142",71.1,"7.4","89.8",34.1,7.5,40.9,"100.235830606","94.344722247"
"Gonzalez, Romy","663853","2024","0.723",".311",".315",".169",74.1,"7","92.3",29.7,8.3,51,"104.214637183","96.826247676"
"Stephenson, Tyler","663886","2024","0.782",".339",".322",".165",70.8,"7.4","90.2",33,9.1,43.9,"100.320154503","94.587176774"
"Rodgers, Brendan","663898","2024","0.721",".314",".297",".134",71.7,"7.1","89.3",33.1,5.6,44.1,"101.153269243","94.773964417"
"Lowe, Nathaniel","663993","2024","0.762",".337",".329",".132",73.3,"7.3","88.9",32.6,5.8,40,"100.432822253","94.330442369"
"Happ, Ian","664023","2024","0.782",".341",".349",".211",72.4,"7","90.8",37,11.7,45.2,"101.590666318","95.287992294"
"France, Ty","664034","2024","0.670",".296",".305",".166",71,"7.6","88.7",30.5,7.3,40,"99.663679892","94.004650595"
"Lowe, Brandon","664040","2024","0.784",".335",".350",".239",73.4,"7.1","89.8",39.6,12.4,44.7,"101.345776014","94.9549512"
"Bader, Harrison","664056","2024","0.657",".285",".296",".138",71.1,"7.1","87.2",33.9,6.4,35.5,"98.685690255","93.420801022"
"Moore, Dylan","664238","2024","0.687",".306",".302",".131",73,"7.1","88.4",38.2,8.8,36.3,"98.78016696","93.44884728"
"Isbel, Kyle","664728","2024","0.654",".286",".281",".100",70.8,"7.2","88.1",24.8,3.9,36.3,"99.427451293","93.787078878"
"Bohm, Alec","664761","2024","0.780",".335",".345",".162",72.2,"7.4","90.4",35.2,6.8,45.6,"100.768220847","94.781662669"
"Wade Jr., LaMonte","664774","2024","0.761",".337",".357",".176",72.4,"6.8","90.5",39.6,9.4,44.1,"101.160100656","95.071984568"
"Brown, Seth","664913","2024","0.661",".289",".296",".160",73.3,"7.2","90",35.2,8.4,40.6,"100.936577054","94.815981008"
"McCarthy, Jake","664983","2024","0.749",".329",".314",".098",67.3,"6.7","84.5",30.4,2.7,24.5,"95.637290857","91.834529486"
"Peña, Jeremy","665161","2024","0.702",".305",".313",".135",72.6,"7.6","88.2",29.2,5.4,38.8,"99.323506707","93.74168435"
"Tatis Jr., Fernando","665487","2024","0.832",".359",".393",".250",74.9,"7.4","93.5",33.7,14.5,55.8,"104.418991126","97.109953874"
"Guerrero Jr., Vladimir","665489","2024","0.940",".398",".410",".253",75.9,"7.7","93.8",35.1,13.7,54.9,"105.663720766","97.649346073"
"Pache, Cristian","665506","2024","0.552",".250",".254",".095",71.7,"7.4","89.9",26.5,4.9,38.2,"99.682097","94.253817172"
"Soto, Juan","665742","2024","0.988",".421",".463",".339",75.5,"7.3","94.2",35.4,19.7,57,"105.650123728","97.994705143"
"Taveras, Leody","665750","2024","0.641",".282",".300",".136",71.3,"7.5","89",31.5,5.9,35.5,"99.173170874","93.650113205"
"Amaya, Miguel","665804","2024","0.645",".283",".302",".128",72.9,"7.2","88.4",33.9,4.7,33.9,"99.101174286","93.708861353"
"Cabrera, Oswaldo","665828","2024","0.661",".290",".285",".089",68.3,"7","88.2",34,3.7,34.9,"97.641570336","92.88412097"
"Cruz, Oneil","665833","2024","0.773",".331",".342",".206",78.6,"7.7","95.5",32.1,15.7,54.9,"107.199352928","98.547881492"
"Valdez, Enmanuel","665839","2024","0.633",".275",".309",".182",70.4,"7.5","89.4",32,9.2,41.8,"99.9120656","94.1331724"
"Chisholm Jr., Jazz","665862","2024","0.760",".327",".318",".180",72,"7.5","89.7",29.6,9.7,41.1,"100.122466782","94.459141861"
"Giménez, Andrés","665926","2024","0.638",".281",".299",".097",68.2,"7","86.3",32.7,2.8,28.5,"96.492499139","92.262342361"
"Fermin, Freddy","666023","2024","0.685",".300",".276",".092",70.8,"7.5","88.2",29.2,3.2,33.9,"97.931397537","93.085600262"
"Jones, Nolan","666134","2024","0.641",".287",".288",".114",70.7,"6.7","88.2",34.3,5.9,44.4,"100.556302024","94.528500893"
"Kirilloff, Alex","666135","2024","0.654",".282",".311",".207",72.4,"7.8","91.3",27,11.3,40.9,"100.310300172","94.70393913"
"Lowe, Josh","666139","2024","0.693",".299",".296",".163",73.3,"7.2","90.8",37.9,10.3,46.1,"100.893361034","94.928910905"
"Fitzgerald, Tyler","666149","2024","0.831",".357",".295",".155",70.5,"7.4","87.7",39.1,8.2,31.9,"97.5779034","92.79850055"
"Fletcher, Dominic","666150","2024","0.508",".227",".247",".069",66.7,"6.5","84.4",38.7,1.8,26.8,"95.808053494","91.934485697"
"Hamilton, David","666152","2024","0.698",".305",".285",".120",68.9,"7.2","87",38.3,5.6,32.2,"97.714382095","92.969829904"
"Lux, Gavin","666158","2024","0.703",".310",".320",".131",71.3,"7.3","88.3",35,6,41.1,"98.995997212","93.691033374"
"Moniak, Mickey","666160","2024","0.646",".281",".287",".167",73.1,"7.7","88.1",31.9,9.3,34.4,"99.494460797","93.816907681"
"Rortvedt, Ben","666163","2024","0.620",".283",".268",".087",69.7,"7.1","86.2",30.2,3.5,30.7,"96.9585767","92.49508965"
"Adell, Jo","666176","2024","0.682",".296",".317",".200",76.7,"7.6","89.8",30.5,11.7,44.7,"102.6788005","95.748719749"
"Benson, Will","666181","2024","0.650",".285",".271",".157",72.1,"7.9","89.4",36.5,11.5,40.1,"99.756805263","94.123444"
"Bichette, Bo","666182","2024","0.599",".264",".302",".121",70.4,"7.3","89.2",31.3,4.4,43.5,"100.896776504","94.778862816"
"Carlson, Dylan","666185","2024","0.564",".257",".256",".081",68.5,"7.1","86.8",30.1,2.5,25.8,"96.530139877","92.297463602"
"Naylor, Bo","666310","2024","0.614",".269",".262",".137",70.6,"7.4","88.8",32.6,8.1,37.7,"98.72815","93.535266567"
"Julien, Edouard","666397","2024","0.615",".278",".290",".163",71.9,"7.1","87.8",38.4,9.8,37.8,"98.889968415","93.491651402"
"Morel, Christopher","666624","2024","0.634",".280",".318",".181",76.1,"8","89.2",27.6,10.2,40.4,"101.221222105","94.784090605"
"García, Adolis","666969","2024","0.684",".296",".308",".193",72,"7.9","91",33.7,12.5,48.2,"101.827676765","95.435631691"
"Gurriel Jr., Lourdes","666971","2024","0.757",".327",".321",".157",70.6,"7.5","88.4",33.8,6.7,40,"99.549348469","93.921850288"
"Julks, Corey","667452","2024","0.581",".260",".266",".098",70.7,"7","84.9",33.9,3.2,29,"96.954618226","92.479937742"
"Rooker Jr., Brent","667670","2024","0.927",".392",".383",".301",73.7,"7.1","91.9",38.3,16.6,49.6,"103.25238457","96.193453235"
"Arozarena, Randy","668227","2024","0.720",".320",".327",".168",72.7,"7.4","90.4",28.4,8.3,43.5,"100.904108177","94.731331384"
"Rogers, Jake","668670","2024","0.607",".264",".300",".198",70.7,"7.4","89",32.9,9.9,41.8,"99.180639906","93.973828585"
"Bleday, JJ","668709","2024","0.761",".330",".319",".160",71.7,"7.3","88.5",37.1,8.3,36.2,"98.959573229","93.527316345"
"Steer, Spencer","668715","2024","0.721",".316",".317",".150",71.6,"7.4","88",34.2,6.4,39.9,"99.163434247","93.708755492"
"Reynolds, Bryan","668804","2024","0.791",".343",".352",".200",71.5,"6.8","89.9",37.5,9.6,45.4,"100.987209316","94.867542484"
"McCann, Kyle","668832","2024","0.689",".304",".280",".174",73.6,"7.8","89.6",30.9,12.3,38.3,"100.534877805","94.549176173"
"Martin, Austin","668885","2024","0.670",".297",".302",".087",66.9,"6.9","87.2",39.4,1.1,33.5,"96.642936413","92.431606902"
"Vientos, Mark","668901","2024","0.838",".356",".335",".227",71.7,"7.6","91.2",34.6,14.1,46.6,"102.544746312","95.741575567"
"Lewis, Royce","668904","2024","0.747",".317",".323",".197",73.3,"7.7","87.1",36.3,11.2,37.7,"99.690144144","93.856491441"
"Turang, Brice","668930","2024","0.665",".294",".298",".082",66.2,"6.1","87",32,2.4,29.7,"96.869333063","92.521821874"
"Rutschman, Adley","668939","2024","0.709",".309",".319",".144",69,"6.9","88.2",35.4,6.1,36.6,"98.081119454","93.149039684"
"Rojas, Josh","668942","2024","0.640",".286",".295",".135",66.6,"7.3","88.2",35.6,5.7,38.2,"97.946263631","93.225198599"
"Mitchell, Garrett","669003","2024","0.811",".351",".312",".146",75.7,"7.4","88.8",34.6,8.7,37,"100.952074833","94.510744"
"Melendez Jr., MJ","669004","2024","0.673",".292",".317",".190",72.8,"7.7","91.1",29.1,8.4,45.2,"101.49620396","95.196771409"
"Marsh, Brandon","669016","2024","0.747",".326",".328",".177",71.9,"7.2","91.6",40.7,10,47.4,"101.08883194","95.182442734"
"Stowers, Kyle","669065","2024","0.601",".265",".292",".153",73.7,"6.8","91",36.1,10.9,51.3,"102.156753559","95.709246525"
"Langeliers, Shea","669127","2024","0.738",".315",".332",".225",74.1,"7.3","91.3",35.3,12.8,44,"102.05460686","95.451719446"
"Campusano, Luis","669134","2024","0.642",".282",".290",".113",69.2,"7.6","87.7",27.4,4.6,34.2,"98.345403475","93.277557745"
"Murphy, Sean","669221","2024","0.636",".281",".308",".191",73.2,"7.9","88",25.7,9.6,36.5,"99.757961548","94.022077485"
"Senzel, Nick","669222","2024","0.614",".273",".301",".126",68.7,"7.5","84",38.6,5.7,26.7,"95.746731264","91.876891724"
"Wells, Austin","669224","2024","0.717",".315",".341",".195",72.5,"7.4","88.4",34.5,9.1,38.9,"99.723567259","94.070969368"
"Malloy, Justyn-Henry","669234","2024","0.657",".291",".269",".152",69,"7","87.6",31.9,10.9,37.8,"98.290103167","93.208402605"
"Edman, Tommy","669242","2024","0.711",".307",".271",".108",70,"6.9","87.6",31.5,3.6,35.1,"96.992259821","92.61181955"
"Smith, Will","669257","2024","0.760",".326",".336",".208",67.9,"7.2","89.4",38.3,10.8,42,"99.318269153","93.929159392"
"Suwinski, Jack","669261","2024","0.588",".260",".295",".146",73.3,"7.3","88.9",28.8,8.8,38.2,"100.854161429","94.49330497"
"Espinal, Santiago","669289","2024","0.651",".285",".289",".088",66.5,"7.3","85.9",35,1.9,24.1,"94.957566883","91.492088339"
"Miranda, Jose","669304","2024","0.763",".328",".306",".143",71,"7.6","88.9",33.9,5.9,38.9,"99.359747765","93.786600855"
"Gorman, Nolan","669357","2024","0.671",".290",".312",".232",73.2,"7.5","88.5",40.3,16.7,38.6,"100.727790741","94.443953953"
"Edwards, Xavier","669364","2024","0.820",".359",".297",".073",64.5,"6.3","86.1",37.6,1.8,24.3,"95.052217333","91.536547476"
"Burger, Jake","669394","2024","0.761",".325",".337",".225",74.7,"7.5","91.3",32.4,12.3,46.8,"103.619986856","96.171144407"
"Smith, Josh","669701","2024","0.731",".323",".304",".113",70.1,"6.8","87.8",33.7,3.7,37.1,"98.306997711","93.25999596"
"Triolo, Jared","669707","2024","0.611",".275",".289",".112",70.5,"7.8","88.4",38.8,5.3,39.1,"99.388421871","93.892534424"
"Hays, Austin","669720","2024","0.699",".303",".288",".132",72.6,"7.2","88.9",30.2,6.7,40.2,"100.415422697","94.347982429"
"Toglia, Michael","669911","2024","0.767",".329",".365",".272",73.2,"7.5","92.1",39.2,17.3,50.2,"102.673791797","96.069366471"
"Lopez, Nicky","670032","2024","0.606",".275",".271",".065",64.2,"6.7","85",30,1.5,16.9,"94.065401402","91.042138226"
"Raley, Luke","670042","2024","0.783",".339",".320",".206",75,"7.2","90.1",31.5,11,41.8,"101.696067615","95.042152538"
"Wallner, Matt","670242","2024","0.895",".385",".359",".237",77.3,"7.3","92.8",38.1,17.5,53.2,"104.61196127","96.920236746"
"Alvarez, Yordan","670541","2024","0.959",".402",".414",".303",76.6,"7.6","93.1",35.4,14.5,49.7,"104.097105087","96.703519522"
"Paredes, Isaac","670623","2024","0.739",".327",".308",".124",68.2,"8","85",37,4.5,27.1,"95.875582928","91.952619865"
"Walls, Taylor","670764","2024","0.530",".245",".256",".079",67.3,"7.2","86.1",29.9,3.2,24,"95.086734605","91.544710263"
"Friedl Jr., TJ","670770","2024","0.690",".305",".295",".095",70.5,"6.8","86",29.9,3.2,31.5,"96.990036","92.527458326"
"Herrera, Iván","671056","2024","0.800",".351",".369",".166",73.3,"7.5","89.3",38.2,9,42.1,"100.658165843","94.599725311"
"Casas, Triston","671213","2024","0.799",".342",".330",".237",74.6,"7.7","90.2",35.6,13.3,45.2,"101.435410588","95.112485926"
"Ramos, Heliot","671218","2024","0.791",".339",".340",".238",75.2,"6.9","91.5",34.3,14.5,47.5,"102.620742924","95.895956716"
"García, Luis","671277","2024","0.762",".328",".333",".180",71.7,"7.3","89.1",32.8,8,41.7,"100.167127696","94.249397672"
"Freeman, Tyler","671289","2024","0.626",".283",".303",".103",71.7,"7.2","87.7",30.7,3.2,34.6,"98.573015071","93.423975986"
"Butler, Lawrence","671732","2024","0.807",".345",".347",".221",74.2,"7.1","91.1",35.1,11,47.4,"101.824301046","95.302256275"
"Harris II, Michael","671739","2024","0.722",".312",".345",".181",74.7,"8.1","90.5",33.5,10,47,"103.329018908","96.053474224"
"Bailey, Patrick","672275","2024","0.637",".281",".321",".145",71.3,"7.3","91.3",37.9,5.5,43,"100.739347483","94.770639073"
"Siani, Michael","672279","2024","0.570",".257",".241",".061",68.9,"7.2","84.4",32.6,2.3,22.6,"95.786961649","91.898789433"
"Kelenic, Jarred","672284","2024","0.679",".294",".309",".175",72.7,"7.3","89.8",38.2,9.9,45.2,"100.297571631","94.504780603"
"Arias, Gabriel","672356","2024","0.608",".263",".275",".152",74.5,"7.6","89.7",35.6,7.9,36.6,"101.274794118","94.824434059"
"Kirk, Alejandro","672386","2024","0.678",".297",".324",".140",70.1,"7","89.4",34.6,6.7,40.9,"99.802023893","94.269440505"
"Moreno, Gabriel","672515","2024","0.733",".325",".329",".138",70.7,"7","90",33.6,6.6,41,"99.887726484","94.221263359"
"Garcia, Maikel","672580","2024","0.613",".270",".303",".111",70.8,"7.2","90.4",34.1,3.7,42.8,"100.050927426","94.39492241"
"Lopez, Otto","672640","2024","0.690",".302",".316",".125",70.7,"6.6","88",30.4,5.1,38.9,"99.482984485","93.902266182"
"Perdomo, Geraldo","672695","2024","0.718",".317",".280",".085",66.9,"6.8","87",28.9,3.1,25.8,"96.084793623","92.044093913"
"Pérez, Wenceel","672761","2024","0.683",".299",".292",".116",70.3,"6.9","88.4",37.7,4.3,30.6,"97.264471429","92.757975085"
"Sosa, Lenyn","672820","2024","0.642",".280",".321",".150",71.7,"7.4","89",42.2,6.1,41.2,"99.355197445","93.909530839"
"Diaz, Yainer","673237","2024","0.766",".329",".340",".165",72.6,"7.4","90.2",35,7.6,47.5,"101.297056214","95.034359505"
"Robert Jr., Luis","673357","2024","0.657",".285",".283",".165",74.5,"7.7","90.1",35.6,9.9,40.7,"101.232868968","94.886076944"
"Kim, Ha-Seong","673490","2024","0.700",".308",".316",".111",69,"6.8","87.9",36.6,4.8,35.4,"98.621780994","93.412597329"
"Suzuki, Seiya","673548","2024","0.848",".365",".348",".205",73,"7.2","91.7",38.8,11.5,49.2,"102.565369326","95.834191408"
"Jung, Josh","673962","2024","0.719",".311",".296",".165",72,"7.2","86.2",38.2,9.9,39.7,"97.932886515","93.114510916"
"Westburg, Jordan","676059","2024","0.793",".340",".355",".215",71,"6.8","91.1",37.4,11.8,46.1,"101.801873375","95.272487"
"DeLuca, Jonny","676356","2024","0.609",".269",".277",".095",70.8,"7.6","84.6",32.7,3.9,28,"96.24111608","92.14905868"
"Velázquez, Nelson","676369","2024","0.640",".280",".307",".188",73.4,"7.5","88.2",29.9,8.8,38.1,"99.364038514","93.836443129"
"Clement, Ernie","676391","2024","0.692",".297",".284",".124",66.8,"6.8","85.5",34.3,3.8,24.9,"95.659056327","91.830379974"
"Burleson, Alec","676475","2024","0.734",".319",".329",".166",71.2,"7.5","89.7",34.3,6.5,41.7,"99.381927173","94.012155751"
"Caballero, José","676609","2024","0.630",".277",".269",".101",69.7,"7","83.7",33.8,5.1,25.2,"96.196185563","92.133024917"
"Meyers, Jake","676694","2024","0.646",".285",".308",".153",68.6,"7","88.2",34.8,6.8,37,"99.317270058","93.726741906"
"McCormick, Chas","676801","2024","0.577",".257",".290",".142",70.8,"7.5","86.2",32.2,7.5,32.8,"97.920374118","93.001741775"
"Schneider, Davis","676914","2024","0.625",".277",".297",".169",69.8,"6.9","88.6",38,12,38,"98.986742636","93.569243488"
"Rocchio, Brayan","677587","2024","0.614",".276",".277",".097",69.5,"7.3","84.6",36,4,22.3,"95.744136806","91.872068403"
"Tena, José","677588","2024","0.652",".286",".302",".167",71.2,"6.9","91.2",30.8,8.3,49.2,"100.972500862","95.33151313"
"Rodríguez, Julio","677594","2024","0.734",".321",".346",".192",76.3,"7.9","91.7",33.2,10.2,48.4,"103.553687536","96.325344116"
"Duran, Ezequiel","677649","2024","0.609",".270",".253",".099",72.6,"7.2","87.1",28.2,3.4,35.9,"98.680111262","93.37676239"
"Abreu, Wilyer","677800","2024","0.781",".336",".322",".199",74.6,"7.4","91.6",33.7,11.1,50.5,"101.945020507","95.552365543"
"Jimenez, Leo","677870","2024","0.687",".308",".314",".140",69.7,"7.4","87.6",40.7,8.1,33.3,"97.300784098","92.763416942"
"Alexander, Blaze","677942","2024","0.664",".298",".260",".085",73.1,"7.3","88.5",22.9,3.4,34.7,"98.808795","93.553851293"
"Witt Jr., Bobby","677951","2024","0.977",".410",".413",".273",74.7,"7.1","92.7",35.7,14.3,48.3,"103.972880446","96.499868141"
"Meadows, Parker","678009","2024","0.743",".321",".301",".156",70.5,"7.2","87",34.7,7.7,32.3,"97.956970619","93.056795751"
"Vargas, Miguel","678246","2024","0.506",".233",".260",".115",69.8,"7.7","86.2",28.9,4.6,26.3,"96.03557","92.025289013"
"Tovar, Ezequiel","678662","2024","0.764",".324",".289",".171",71.3,"7.5","88.8",38.5,9,39.8,"99.306485852","93.964016332"
"Noel, Jhonkensy","678877","2024","0.774",".331",".325",".220",78.1,"7.7","88.6",30.8,14.5,36.8,"100.792552542","94.452483077"
"Rafaela, Ceddanne","678882","2024","0.664",".286",".278",".145",70.1,"7.5","86.6",34.9,7.5,36.9,"98.205036294","93.166643181"
"Rojas, Johan","679032","2024","0.601",".265",".253",".070",71.3,"7.3","85.7",22,2.5,27.4,"97.163679462","92.590351731"
"Torkelson, Spencer","679529","2024","0.669",".295",".284",".145",73.6,"7.5","89",31.5,6.7,39.7,"99.687498067","94.009349451"
"Loftin, Nick","679845","2024","0.518",".242",".284",".084",69.5,"7.4","83.6",30.7,3.1,26,"95.328331587","91.737416905"
"Schuemann, Max","680474","2024","0.619",".281",".297",".120",68.3,"6.7","89",39.5,5.6,37.4,"97.729409209","93.097394065"
"Palacios, Richie","680700","2024","0.664",".303",".324",".095",68.9,"7","86.2",36.4,3.5,30.3,"96.843483131","92.444278274"
"Barger, Addison","680718","2024","0.601",".262",".292",".166",74.3,"7.5","88.3",32.9,8.7,38.3,"100.557905","94.503054898"
"Kwan, Steven","680757","2024","0.793",".349",".334",".104",64.4,"6.4","86.3",38.5,2.6,23.7,"95.04543782","91.531639359"
"Duran, Jarren","680776","2024","0.834",".357",".346",".184",73.6,"7.6","90.8",33.8,9.3,43.9,"101.928155512","95.341113209"
"Jeffers, Ryan","680777","2024","0.732",".317",".305",".167",72.9,"7.5","86.9",31.7,8.3,33.8,"99.008221173","93.57098291"
"Gelof, Zack","680869","2024","0.632",".276",".273",".152",71.6,"7.3","89.2",34.4,8.8,37.2,"98.970921935","93.611147032"
"Donovan, Brendan","680977","2024","0.759",".332",".337",".149",69.6,"6.9","88.7",36.6,5.5,37.6,"98.552237391","93.418618597"
"Stott, Bryson","681082","2024","0.671",".296",".309",".112",68.2,"7.1","87",35.3,3.6,30.8,"97.149266143","92.631038831"
"Bride, Jonah","681146","2024","0.818",".351",".297",".113",67.9,"7.2","87.1",29.9,5.4,33.7,"97.444142826","92.857149348"
"Cowser, Colton","681297","2024","0.768",".331",".331",".215",73.8,"6.9","90.5",32.1,13.6,46.1,"101.838992303","95.374243739"
"O'Hoppe, Logan","681351","2024","0.712",".311",".337",".214",70.7,"7.3","90.4",42.9,12,46.3,"101.233350982","95.0870388"
"Norby, Connor","681393","2024","0.732",".316",".318",".219",70.1,"7.1","86.2",47,14.8,39.1,"99.109980172","93.692715217"
"Carpenter, Kerry","681481","2024","0.932",".390",".385",".301",71.6,"7.5","90.5",40.1,17.7,46.4,"100.928032292","94.944129215"
"Outman, James","681546","2024","0.521",".242",".279",".122",73.2,"7.9","87.6",38.3,4.9,38.3,"100.237923902","94.412729136"
"Pages, Andy","681624","2024","0.712",".310",".326",".179",73.1,"7.7","88.6",40.8,10.7,40.1,"100.310081745","94.262423423"
"Fry, David","681807","2024","0.804",".347",".328",".157",70.5,"7.8","88.3",36.9,7.5,37.6,"99.146678031","93.715471417"
"Schneemann, Daniel","682177","2024","0.671",".295",".279",".102",70.8,"7","88.5",41.3,4.8,38.1,"98.405974921","93.326836825"
"Marte, Noelvi","682622","2024","0.549",".243",".274",".129",73.1,"7.5","87",33.5,6.5,36.1,"98.631095256","93.351013935"
"Alvarez, Francisco","682626","2024","0.710",".310",".291",".146",73.6,"7.2","88.8",27.2,6.7,42,"101.298215536","94.784205516"
"Matos, Luis","682641","2024","0.584",".250",".270",".120",71.7,"7.2","86.9",29.1,3.9,37,"98.298414688","93.205182992"
"Martínez, Angel","682657","2024","0.636",".282",".270",".086",69,"7.3","86.5",29.8,1.7,32.2,"96.829146271","92.477339068"
"De La Cruz, Elly","682829","2024","0.810",".349",".331",".194",75.2,"7.3","91.8",35.7,12.7,45.7,"102.95535404","95.90272362"
"Abrams, CJ","682928","2024","0.747",".322",".323",".166",72.2,"7.5","88.2",33,6.9,40.7,"99.496479615","93.910198048"
"Greene, Riley","682985","2024","0.827",".355",".357",".232",74.6,"7.2","91.3",39.1,13.4,47.1,"102.088081676","95.54007409"
"Carroll, Corbin","682998","2024","0.750",".325",".329",".156",73.7,"7","89.3",27.8,7.2,40.8,"101.055665665","94.755672366"
"Henderson, Gunnar","683002","2024","0.893",".381",".379",".217",76.3,"7.2","92.8",34.5,11.2,53.9,"104.002332911","96.835723291"
"Volpe, Anthony","683011","2024","0.657",".287",".280",".100",69.5,"7.1","87.7",33.3,3.9,35.4,"98.177841555","93.206482989"
"Baty, Brett","683146","2024","0.633",".282",".280",".136",73.5,"7.6","86.6",27.7,5.4,33,"99.354530364","93.683074727"
"Vaughn, Andrew","683734","2024","0.699",".304",".321",".204",70.8,"7.6","90.3",33.6,9.3,43.3,"100.921632928","94.702971332"
"Busch, Michael","683737","2024","0.775",".336",".321",".208",70.3,"7.3","90",36.4,11.2,39.9,"99.992212321","94.370236478"
"Frelick, Sal","686217","2024","0.655",".292",".277",".059",66.3,"6.9","83.4",30,0.8,19.5,"94.439757846","91.272403907"
"Pasquantino, Vinnie","686469","2024","0.761",".325",".331",".177",71.8,"7.4","91",31.9,7.1,46.5,"100.997993151","94.970921142"
"Canzone, Dominic","686527","2024","0.652",".280",".307",".218",72.4,"7.6","89.9",31.6,11.1,44.4,"101.759585593","95.324768718"
"Doyle, Brenton","686668","2024","0.763",".328",".333",".189",70.9,"7.4","89.2",37.4,10.5,41.4,"100.983223096","94.67619269"
"Lee, Korey","686676","2024","0.591",".257",".259",".133",71.4,"7.2","88.3",34.1,7.5,37.6,"99.5141412","93.7992936"
"Massey, Michael","686681","2024","0.743",".317",".312",".161",70.8,"7.2","89.2",34.4,7.1,36.9,"98.396031151","93.36810777"
"Pagés, Pedro","686780","2024","0.657",".286",".275",".125",72,"6.9","89",32,4.8,40.4,"99.177856111","93.608837639"
"Lee, Brooks","686797","2024","0.585",".252",".276",".103",69.3,"6.9","85.8",36.7,4.1,24.5,"95.626582877","91.813291438"
"Brennan, Will","686823","2024","0.697",".303",".301",".106",69,"6.9","86",31.1,4.6,32.5,"97.132881418","92.582691388"
"Neto, Zach","687263","2024","0.761",".330",".318",".186",71,"7.1","88.5",29,8.4,38.8,"100.130832864","94.28058907"
"Scott II, Victor","687363","2024","0.502",".221",".250",".103",69.1,"6.7","88.4",33.3,5.7,33.3,"98.5566202","93.434588081"
"Ortiz, Joey","687401","2024","0.727",".319",".307",".111",73.4,"7.5","87.8",26.6,4.6,38.4,"99.391509467","93.766433018"
"Horwitz, Spencer","687462","2024","0.790",".344",".337",".170",69.5,"7","88.2",37.4,8,36.6,"98.212716794","93.175509618"
"Beck, Jordan","687597","2024","0.521",".231",".269",".129",71.4,"7.7","86.1",32.1,6.6,32.1,"98.643486981","93.335075283"
"Wisely, Brett","689172","2024","0.623",".272",".260",".103",67.5,"6.8","86.8",29.7,5.2,31.6,"96.94857663","92.51248388"
"Keith, Colt","690993","2024","0.689",".301",".313",".132",71.3,"6.7","87.8",34.6,5.6,35.3,"98.472613627","93.330372181"
"Soderstrom, Tyler","691016","2024","0.744",".322",".348",".248",74.4,"7.5","91.9",31.4,14.6,49.6,"102.485036087","95.728140219"
"Walker, Jordan","691023","2024","0.619",".268",".284",".158",77.3,"8.2","91.2",29.3,9.5,43.1,"101.753692241","95.20491069"
"Winn, Masyn","691026","2024","0.730",".315",".296",".107",70.2,"7.3","87",33.5,3.7,32.7,"98.144268452","93.085870398"
"Caminero, Junior","691406","2024","0.723",".309",".300",".168",77.2,"8.3","89.7",25.2,11.8,45.7,"102.966914286","95.641090317"
"Crow-Armstrong, Pete","691718","2024","0.670",".289",".285",".148",70.6,"7.2","88.9",33.3,7.4,36.8,"98.797836565","93.630440766"
"Gonzales, Nick","693304","2024","0.709",".307",".319",".138",71.1,"7.3","87.9",34.1,7.9,36.9,"98.826293958","93.505191185"
"Chourio, Jackson","694192","2024","0.791",".339",".330",".160",73.2,"7.4","89.7",33.2,7.8,44.9,"100.832969557","94.831073407"
"Schanuel, Nolan","694384","2024","0.705",".315",".322",".104",65.2,"6.6","86.1",36.4,3.5,25.4,"95.305191333","91.662606993"
"Loperfido, Joey","694388","2024","0.614",".268",".256",".112",72.9,"7.7","88.3",40.7,4,34.7,"97.968544189","93.030415608"
"Carter, Evan","694497","2024","0.633",".278",".282",".123",71,"7.1","86",33.3,5.9,32.4,"97.157820196","92.58927951"
"Langford, Wyatt","694671","2024","0.740",".321",".333",".174",74.5,"7","89.6",31.3,9.3,43.4,"101.211098854","94.807365599"
"Wood, James","695578","2024","0.781",".342",".351",".173",73.9,"7.4","92.8",31.3,10.6,52,"104.677013333","97.028448782"
"Goodman, Hunter","696100","2024","0.645",".274",".282",".201",74.9,"7.3","88.2",32.9,12.8,39.6,"100.1496636","94.135665034"
"Young, Jacob","696285","2024","0.647",".290",".290",".066",68.2,"6.9","85.8",28.1,1.6,28.9,"96.872142235","92.486924676"
"Rice, Ben","700250","2024","0.613",".269",".336",".231",71.4,"7.4","90",34.9,15.6,36.7,"99.671896909","94.277701284"
"Manzardo, Kyle","700932","2024","0.703",".303",".276",".186",71.8,"7.6","89.1",31.4,9.5,40,"99.627054528","94.056427333"
"Merrill, Jackson","701538","2024","0.826",".352",".376",".240",72.2,"7.5","90.4",39.6,11.3,43.9,"100.811784978","94.735707484"
"Lipscomb III, Trey","702358","2024","0.500",".231",".260",".061",69.8,"7.7","86.5",23,0.7,31.6,"97.923016133","92.984215"
"Holliday, Jackson","702616","2024","0.566",".251",".262",".143",71.2,"7.1","89.3",27,8.2,45.1,"100.212039508","94.576202541"
"Yoshida, Masataka","807799","2024","0.764",".336",".324",".141",70.9,"7.3","88",36.3,5.5,37.5,"99.0909025","93.581912866"
"Lee, Jung Hoo","808982","2024","0.641",".284",".324",".132",70.6,"7.4","89.1",29.1,4.5,41.8,"99.547595821","93.996025338"